-86.73313,33.44722,"Shake Shack-Birmingham,AL","200 Summit Blvd [ste 100], Birmingham,AL 35243, (205) 354-2771|Hours: 11AM-10PM, Sun-Thur|11AM-11PM, Fri & Sat"
-111.7426383,33.306925,"Shake Shack-Gilbert,AZ","2024 E Williams Field Rd, Gilbert,AZ 85925, (480) 561-4875|Hours: 10AM-9PM,Sun|11AM-10PM,Mon-Sat"
-112.0718041,33.5093448,"Shake Shack-Phoenix,AZ","100 E Camelback Rd [Uptown Plaza], Phoenix,AZ 85012, (602) 903-3240|Hours:11AM-10PM, 7 days a week"
-112.006439,33.434752,"Shake Shack-Phoenix,AZ","3400 E Sky Harbor Blvd [Phoenix Sky Harbor Intl], Phoenix,AZ 85034, none listed}|Hours 5AM-10PM, 7 days a week"
-111.9258269,33.6231463,"Shake Shack-Scottsdale,AZ","15030 N Scottsdale Rd [Kierland Commons ste 180G1A], Scottsdale,AZ 85254, (602) 362-2020|Hours: 11AM-10PM, Sun-Thur|11AM-11PM, Fri & Sat"
-111.9288249,33.5023651,"Shake Shack-Scottsdale,AZ","7014 E Camelback Rd [Fashion Square space B116], Scottsdale,AZ 85251, (480) 270-8825|Hours: 11AM-10PM, Sun-Thur|11AM-11PM, Fri & Sat"
-118.405762,34.069825,"Shake Shack-Beverly Hills,CA","9601 S Santa Monica Blvd, Beverly Hills,CA 90210, (424) 322-9108|Hours: 10:30AM-10:30PM, Mon-Fri|11AM-5PM, Sat|Sun Closed"
-118.30962,34.18205,"Shake Shack-Burbank,CA","200 N San Fernando Blvd, Burbank,CA 91502, (747) 333-3040|Hours: 11AM-10PM, Sun-Thur|11AM-119M, Fri & Sat"
-118.606134,34.187776,"Shake Shack-Canoga Park,CA","6443 Topanga Canyon Blvd, Canoga Park,CA 91303, (747) 777-5816|Hours: 11AM-10PM, Sun-Thur|11AM-10:30, Fri-Sat"
-117.266906,33.082995,"Shake Shack-Carlsbad,CA","7740 El Camino Real, Carlsbad,CA 92009, (760) 280-1530|Hours: 10AM-9PM, Mon-Thu|10AM-10pm, Fri|10AM-5PM, Sat|Sun Closed"
-118.393507,33.985749,"Shake Shack-Culver City,CA","6000 Sepulveda Blvd, Culver City,CA 90230, (424) 339-2231|Hours: 10:30AM-9PM, Mon-Fri|9AM-6Pm, Sat|Sun Closed"
-118.38582,33.90229,"Shake Shack-El Segundo,CA","2171 Rosecrans Ave, El Segundo,CA 90245, none listed|Hours:11AM-11PM, 7 days a week"
-118.2548779,34.1428766,"Shake Shack-Glendale,CA","252 S Brand Blvd, Glendale,CA 91204, (818) 858-1612|Hours:11AM-11PM, 7 days a week"
-122.50939,37.94813,"Shake Shack-Larkspur,CA","1401 Larkspur Landing Circle, Larkspur,CA 94939, (628) 212-2050|Hours:11AM-10PM, Sun-Thur|11AM-11PM, Fri & Sat"
-118.1096458,33.7548562,"Shake Shack-Long Beach,CA","6440 E Pacific Coast Hwy [ste 100], Long Beach,CA 90803, (562) 380-2090|Hours: 11AM-10PM,Sun-Thur|11AM-11PM,Fri & Sat"
-118.3756943,33.9722214,"Shake Shack-Los Angeles,CA","1 World Way [LA Int Term 3/Gate 34], Los Angeles,CA 90045, none listed|Hours:6AM-12AM, 7 days a week"
-118.240056,34.07456,"Shake Shack-Los Angeles,CA","1000 Vin Scully Ave, Los Angeles,CA 90012, (none listed)|Hours: 90 min before game until after last pitch"
-118.41982,34.05996,"Shake Shack-Los Angeles,CA","10250 Santa Monica Blvd, Los Angeles,CA 90067, (424) 218-0076|Hours: 11AM-10PM, Mon-Sat|11AM–9PM, Sun"
-118.252626,34.052838,"Shake Shack-Los Angeles,CA","330 South Hope St [ste 223], Los Angeles,CA 90071, (213) 559-0014|Hours: 11AM-5PM, Mon-Fri|Sat-Sun Closed"
-118.279684,34.092243,"Shake Shack-Los Angeles,CA","3903 W Sunset Blvd, Los Angeles,CA 90029, (323) 484-8522|Hours: 11AM-10PM, Mon-Fri|11AM-6PM, Sat|Sun Closed"
-118.2559927,34.0445016,"Shake Shack-Los Angeles,CA","400 West 8th St, Los Angeles,CA 90014, (213) 213-5307|Hours:11AM-10PM, Mon-Sun"
-118.438172,33.977838,"Shake Shack-Los Angeles,CA","4786 Admiralty Way, Los Angeles,CA 90292, (213) 618-3241|Hours:11AM-10PM, Sun-Thur|11AM-11PM, Fri & Sat"
-118.3245952,34.1016946,"Shake Shack-Los Angeles,CA","6201 Hollywood Blvd, Los Angeles,CA 90028, (323) 593-7763|Hours:11AM-11PM, 7 days a week"
-122.269443,37.808827,"Shake Shack-Oakland,CA","1954 Telegraph Ave, Oakland,CA 94612, (510) 380-6422|Hours: 11AM-9PM, 7 days a week"
-122.1695431,37.4449018,"Shake Shack-Palo Alto,CA","180 El Camino Read [ste 950 Stanford SC], Palo Alto,CA 94304,none listed|Hours:11AM-10PM,Sun-Thur|11AM-11PM, Fri & Sat"
-118.147075,34.132838,"Shake Shack-Pasadena,CA","750 Arroyo Pkwy, Pasadena,CA 91105, (747) 215-2745|Hours:11AM-10PM,7 days a week"
-121.27084,38.773586,"Shake Shack-Roseville,CA","1151 Galleria Blvd [ste FC-12], Roseville,CA 95678, (279) 888-9070|Hours:11AM-7PM,Sun-Thur"
-121.487124,38.568376,"Shake Shack-Sacramento,CA","1710 R St [ste 190], Sacramento,CA 95811, (279) 321-4002|Hours:11am-10pm,Sun-thur,11am-11pm,Fri & Sat"
-117.169507,32.72572,"Shake Shack-San Diego,CA","2008 India St, San Diego,CA 92101, (619) 331-3958|Hours:11AM-10PM, Sun-Thur|11AM-11PM,Fri & Sat"
-117.2359885,32.9514506,"Shake Shack-San Diego,CA","3705 Paseo Place [ste 1140], San Diego,CA 92130, (619) 363-3604|Hours:11AM-10PM, 7 days a week"
-117.2136819,32.8725561,"Shake Shack-San Diego,CA","4309 La Jolla Village Dr [ste 2350], San Diego,CA 92122, none listed|Hours: 11AM-10PM, Sun-Thur|11AM–11PM, Fri & Sat"
-117.1595286,32.766444,"Shake Shack-San Diego,CA","675 Camino De La Reina, San Diego,CA 92108, none listed|Hours:11AM-11PM, 7 days a week"
-122.4351293,37.7977763,"Shake Shack-San Francisco,CA","3060 Fillmore St, San Francisco,CA 94123, (415) 405-4618|Hours: 11AM-10PM,Sun-Thur|11AM-11PM,Fri & Sat"
-122.406416,37.784101,"Shake Shack-San Francisco,CA","845 Market St [ste 8], San Francisco,CA 94103, (628) 267-2633|Hours: 10AM-7PM, Mon-Fri|10AM-8PM, Sat|11AM-7PM, Sun"
-122.4194637,37.6372543,"Shake Shack-San Mateo,CA","33 Hillside Shopping Center, San Mateo,CA 94403, (650) 398-1756|Hours: 11AM-10PM,Sun-Thur|11AM-11PM,Fri & Sat"
-121.947089,37.3246,"Shake Shack-Santa Clara,CA","2855 Stevens Creek Blvd [ste 1748], Santa Clara,CA 95050, none listed|Hours: 11AM-7PM, 7 days a week"
-118.497436,34.020228,"Shake Shack-Santa Monica,CA","501 Wilshire Blvd, Santa Monica Blvd, Santa Monica,CA 90401, (424) 328-5141|Hours: 11AM-10PM, Sun-Thur|11Am-11PM, Fri & Sat"
-118.8215798,34.1587618,"Shake Shack-Thousand Oaks,CA","120 Promemade Way [ste A], Thousand Oaks,CA 91362, (805) 309-5941|Hours: 11AM-10PM, Sun–Thur|11AM-11PM, Fri & Sat"
-118.3770981,34.0886803,"Shake Shack-West Hollywood,CA","8520 Santa Monica Blvd, West Hollywood,CA 90069, (323) 480-3010|Hours:11AM–11:30PM, 7 days a week"
-105.255995,40.016766,"Shake Shack-Boulder,CO","1680 29th St, Boulder,CO 80301, (720) 704-7980|Hours: 11AM-8PM, 7 days a week"
-104.87887,39.423936,"Shake Shack-Castle Rock,CO","6489 Promenade Pkwy, Castle Rock,CO 80108, (303) 856-9016|Hours: 10:30AM-10PM, Mon-Thur|10:30AM-10:30PM, Fri|10:30AM-5pm, Sat|Sun Closed"
-104.957823,39.72081,"Shake Shack-Denver,CO","260 N Josephine St [ste 101], Denver,CO 80206, (720) 583-7932|Hours: 11AM-10PM, 7 days a week"
-104.9807439,39.7622106,"Shake Shack-Denver,CO","2995 Larimer St, Denver,CO 80205, (720) 543-8609|Hours: 11AM-10PM, Sun–Thur|11AM-11PM, Fri & Sat"
-104.673882,39.849526,"Shake Shack-Denver,CO","8500 Pena Blvd [DIA Concourse B], Denver,CO 80249, (720) 868-5936|Hours: not listed"
-105.057705,39.747894,"Shake Shack-Edgewater,CO","5507 West 20th Ave, Edgewater,CO 80214, (720) 902-5460|Hours:11AM-10PM, 7 days a week"
-104.9505081,39.6168861,"Shake Shack-Greenwood Village,CO","7979 East Arapahoe Rd, 39300 W 7 Mile Rd, Greenwood Village,CO 80112, (720) 712-7525|Hours: 10:30AM-9PM, Mon-Thur|10:30AM-9:30PM, Fri|10:30AM-5PM, Sat|Sun Closed"
-105.0068082,39.5533226,"Shake Shack-Highlands Ranch,CO","1509 Park Central Dr [ste 100], Highlands Ranch,CO 80129, (720) 452-1007|Hours: 11AM-10PM, Sun–Thur|11AM-11PM, Fri & Sat"
-104.876034,39.562885,"Shake Shack-Lone Tree,CO","8515 Park Meadows Center Dr, Lone Tree,CO 80124, (720) 580-5982|Hours: 10:30AM-8PM, Mon-Fri|10:30AM-5PM, Sat|Sun Closed"
-73.481203,41.380288,"Shake Shack-Danbury,CT","7 Backus Ave, Danbury,CT 06810, (203) 298-1079|Hours: 11AM-9PM, Mon-Thur|11AM-10PM, Fri|11AM-6PM, Sat|Sun Closed"
-73.476298,41.069942,"Shake Shack-Darien,CT","1340 Post Rd, Darien,CT 06820, (203) 614-1411|Hours: 11AM-10PM, Sun–Thur|11AM-11PM, Fri & Sat"
-72.928381,41.307049,"Shake Shack-New Haven,CT","986 Chapel Street, New Haven,CT 06510, (203) 747-8483|Hours: 11AM-10PM, Sun–Thur|11AM-11PM, Fri & Sat"
-72.757668,41.726036,"Shake Shack-West Hartford,CT","1445 New Britain Ave [unit 1385], West Hartford,CT 06110, (860) 900-0559|Hours: 11AM-10PM, Sun–Thur|11AM-11PM, Fri & Sat"
-73.299958,41.138211,"Shake Shack-Westport,CT","1849 Post Road East [just off I-95 Exit 19], Westport,CT 06880, (203) 682-6570|Hours: 11AM-10PM, Sun–Thur|11AM-11PM, Fri & Sat"
-77.041848,38.906367,"Shake Shack-Washington,DC","1216 18th Street NW [SW corner of Connecticut], Washington,DC 20036, (202) 683-9922|Hours: 11AM-11PM, Sun-Thur|11AM-12AM, Frid & Sat"
-77.032359,38.909044,"Shake Shack-Washington,DC","1400 14th St NW, Washington,DC 20005, (202) 602-0493|Hours: 11AM-11PM, Sun-Thur|11AM-12AM, Fri & Sat"
-76.994948,38.891742,"Shake Shack-Washington,DC","50 Massachusetts Avenue NE, Washington,DC 20002, (202) 684-2428|Hours: Breakfast is available from 8AM-11AM on weekdays.|8AM-10PM, Mon-Frid|10:30AM-10PM, Sat & Sun"
-77.0065031,38.8765273,"Shake Shack-Washington,DC","54 M St SE [Navy Yard], Washington,DC 20003, (202) 769-5760|Hours: 10:30AM-10PM, Mon-Thur|10:30AM-11PM, Fri|11AM-11PM, Sat|11AM-10PM, Sun"
-77.028215,38.897343,"Shake Shack-Washington,DC","800 F Street NW [Corner of 9th Street NW], Washington,DC 20004, (202) 800-9930|Hours: 11AM-11PM, Sun-Thur|11AM-12AM, Fri & Sat"
-77.025383,38.8849103,"Shake Shack-Washington,DC","975 Wharf St SW, Washington,DC 20024, (202) 869-8345|Hours: 7AM-11PM, 7 days a week"
-75.6508844,39.6726497,"Shake Shack-New Castle,DE","2120 Fashion Center Blvd, New Castle,DE 19702, (302) 597-7417|Hours: 11AM-10PM, Sun–Thur|11AM-11PM, Fri & Sat"
-80.1446381,25.9686108,"Shake Shack-Aventura,FL","19565 Biscayne Blvd [ste FH5], Aventura,FL 33180, (786) 204-3807|Hours: 11AM-10:30PM, Mon-Sat|11AM-9PM, Sun"
-80.112114,26.365782,"Shake Shack-Boca Raton,FL","1400 Glades Road [University Commons], Boca Raton,FL 33431, (561) 923-0847|Hours: 11AM-10PM, Sun–Thur|11AM-11PM, Fri & Sat"
-80.281982,25.709953,"Shake Shack-Coral Gables,FL","1450 South Dixie Highway (US1), Coral Gables,FL 33146, (786) 470-3701|Hours: 11AM-11PM, Sun-Thur|11AM-12AM, Fri & Sat"
-80.145296,26.071596,"Shake Shack-Fort Lauderdale,FL","100 Terminal Dr [Fort Lauderdale Airport-Gate D9], Fort Lauderdale,FL 33130,none listed|Hours:6AM -9PM daily"
-80.11713,26.15558,"Shake Shack-Fort Lauderdale,FL","2400 N Federal Hwy, Fort Lauderdale,FL 33305, (754) 216-4398|Hours: 11AM-10PM, Sun–Thur|11AM-11PM, Fri & Sat"
-80.31248,25.690538,"Shake Shack-Miami,FL","7535 N Kendall Dr, Miami,FL 33156, (786) 743-4115|Hours: 10:30AM-6PM, Mon|11AM-9PM, Tue-Fri|11Am-6PM, Sat|Sun Closed"
-80.3373933,25.6452033,"Shake Shack-Miami,FL","8810 SW 136th St, Miami,FL 33176, (786) 605-5301|Hours:11AM-10PM, Sun-Thur|11AM-11PM, Fri & Sat"
-80.192992,25.765065,"Shake Shack-Miami,FL","901 South Miami Ave [ste 109], Miami,FL 33130, (786) 292-5777|Hours: 11AM-10PM, Sun-Thur|11AM-11PM, Fri & Sat"
-80.140806,25.790793,"Shake Shack-Miami Beach,FL","1111 Lincoln Road [at Lenox Avenue], Miami Beach,FL 33139, (305) 434-7787|Hours: 11AM-11PM, Sun-Thur|11AM-12AM, Fri & Sat"
-81.307981,28.431179,"Shake Shack-Orlando,FL","1 Jeff Fuqua Blvd, Orlando,FL 32827, (none listed)|Hours not listed"
-81.484674,28.394722,"Shake Shack-Orlando,FL","11637 Daryl Carter Pkwy, Orlando,FL 32821, (321) 667-3512|Hours: 11AM-10:30PM, Mon-Fri|11AM-6PM, Sat|Sun Closed"
-81.4281393,28.4869878,"Shake Shack-Orlando,FL","4068 Conroy Rd, Orlando,FL 32839, (407) 627-1101|Hours: 11AM-10PM, Sun–Thur|11AM-11PM, Fri & Sat"
-81.46848,28.44814,"Shake Shack-Orlando,FL","8001 S Orange Blossom Trail [Florida Mall ste 100A], Orlando,FL 32809, (407) 627-1029|Hours: 11AM-10PM, Mon-Fri|11AM -10:30PM, Sat|11AM-9PM, Sun"
-81.492358,28.387444,"Shake Shack-Orlando,FL","8200 Vineland Ave, Orlando,FL 32821, (407) 887-7037|Hours: 11AM-6PM, Mon|11AM-9PM, Tues-Fri|11AM-6PM, Sat|Sun Closed"
-81.4703487,28.443922,"Shake Shack-Orlando,FL","8359 International Dr, Orlando,FL 32819, (407) 205-0362|Hours: 11AM-11PM, Sun-Thur|11AM-12AM, Fri & Sat"
-80.085331,26.849055,"Shake Shack-Palm Beach Gardens,FL","3101 PGA Blvd [ste L215], Palm Beach Gardens,FL 33410, (561) 788-7008|Hours:11AM-7PM daily"
-82.453114,27.383034,"Shake Shack-Sarasota,FL","190 N Cattlemen Rd [unit 1], Sarasota,FL 34243, (941) 413-1351|Hours: 11AM-10PM, Sun-Thur|11AM-11PM, Fri & Sat"
-80.321834,26.154805,"Shake Shack-Sunrise,FL","2606 Sawgrall Mills Circle [ste 1301A], Sunrise,FL 33323, (754) 218-8812|Hours: 11AM-10PM,Sun-Thur|11AM-12AM,Fri & Sat"
-82.5054092,27.9648685,"Shake Shack-Tampa,FL","1011 Gramercy Lane, Tampa,FL 33607. (813) 588-5240|Hours: 11AM-9PM, Sun-Thur|11AM-10PM, Fri-Sat"
-81.3652,28.602839,"Shake Shack-Winter Park,FL","119 N Orlando Avenue, Winter Park,FL 32789, (321) 203-5130|Hours: 11AM-10PM, Sun–Thur|11AM-11PM, Fri & Sat"
-84.294243,34.070172,"Shake Shack-Alpharetta,GA","11780 Haynes Bridge Rd, Alpharetta,GA 30009, (770) 450-0950|Hours: 11AM-9:30PM, Mon-Thur|11AM-10:30PM, Fri-Sat|Sun Closed"
-84.380318,33.837627,"Shake Shack-Atlanta,GA","3035 Peachtree Road NE [Ste A146] [Buckhead Atlanta], Atlanta,GA 30305, (470) 809-9201|Hours: 11AM-10PM, Sun–Thur|11AM-11PM, Fri & Sat"
-84.362472,33.846595,"Shake Shack-Atlanta,GA","3393 Peachtree Rd NE, Atlanta,GA 30336, (470) 826-4675|Hours: 9AM-8PM, Mon|10:30AM-8PM, Tues-Fri|9AM-6PM, Sat|Sun Closed"
-84.36557,33.75355,"Shake Shack-Atlanta,GA","670 DeKalb Ave NE [ste 103], Atlanta,GA 30312, (470) 377-8697|Hours: 11AM-10PM, Sun-Thru|11AM-11PM, Fri & Sat"
-84.4043808,33.6408501,"Shake Shack-Atlanta Intl Airport,GA","6000 N Terminal Pkwy [Concourse A near Gate A28], Atlanta,GA 30320, none listed|Hours:6AM-10:30PM, 7 days a week"
-84.340357,33.923898,"Shake Shack-Dunwoody,GA","4400 Ashford Dunwoody Rd [Perimeter Mall ste 3025], Dunwoody,GA 30346, none listed|Hours: 11AM-10PM, Sun–Thur|11AM-11PM, Fri & Sat"
-87.6249695,41.8816643,"Shake Shack-Chicago,IL","12 S Michigan Ave, Chicago,IL 60603, (312) 646-6005|Hours:11AM-11PM, 7 days a week"
-87.6520489,41.8853573,"Shake Shack-Chicago,IL","185 N Morgan St, Chicago,IL 60607, (312) 800-8926|Hours:11AM-11PM, 7 days a week"
-87.6354179,41.8781498,"Shake Shack-Chicago,IL","316 W Jackson Blvd [ste L1-20], Chicago,IL 60606, (312) 604-5820|Hours: 10:30AM-9PM,Mon-Fri|11AM-9PM,Sat|11AM-8PM,Sun"
-87.655687,41.9462857,"Shake Shack-Chicago,IL","3519 North Clark St [ste C105], Chicago,IL 60657, (312) 766-5882|Hours: 11AM-10PM, Sun-Thur|11AM-11PM, Fri & Sat"
-87.62606,41.892593,"Shake Shack-Chicago,IL","66 E Ohio Street, Chicago,IL 60611, (312) 667-1701|Hours: 11AM-11PM, Sun-Thur|11AM-12AM, Fri & Sat"
-87.9482922,41.8510496,"Shake Shack-Oak Brook,IL","1950 Spring Rd, Oak Brook,IL 60523, (630) 413-1017|Hours: 11AM-10PM, Mon-Sat|11AM-9PM, Sun"
-87.723135,41.719014,"Shake Shack-Oak Lawn,IL","4071 W 95th St, Oak Lawn,IL 60453, (708) 330-6530Hours: 11AM-9PM, Mon-Thur|11AM-10PM, Fri-Sat|Sun Closed"
-88.042307,42.0503601,"Shake Shack-Schaumburg,IL","1765 E Golf Rd, Schaumburg,IL 60173, (708) 852-6305|Hours: 11AM-10PM,Mong-Thur|11AM-11PM,Fri & Sat|11AM-9PM,Sun"
-87.747554,42.0588874,"Shake Shack-Skokie,IL","4999 Old Orchard Center [Old Orchard], Skokie,IL 60077, (847) 380-1240|Hours: 10:30AM-9:30PM, Mon-Thur|10:30AM-10:30PM, Fri & Sat|10:30AM-9:00PM, Sun"
-87.9411992,42.2405912,"Shake Shack-Vernon Hills,IL","864 E Townline Rd, Vernon Hills,IL 60061, (224) 294-2020|Hours: 11AM-10PM, Mon-Sat|11AM-9PM, Sun"
-86.001887,39.956475,"Shake Shack-Fishers,IN","9701 E 116th St, Fishers,IN 46037, (463) 215-6946|Hours: 11AM-9PM, Sun-Thur|11AM-10PM, Fri & Sat"
-86.154864,39.771409,"Shake Shack-Indianapolis,IN","167 New York St, Indianapolis,IN 46204, (463) 215-6170|Hours: 11AM-10:30PM, Mon-Fri|11AM-3PM, Sat|Sun Closed"
-86.297512,39.714898,"Shake Shack-Indianapolis,IN","7800 Col H Weir Memorial Dr, Indianapolis,IN 46241, (none listed)|No hours listed"
-86.110128,39.914559,"Shake Shack-Indianapolis,IN","8702 Keystone Crossing, Indianapolis,IN 46240, (463) 219-6164|Hours: 11AM-8PM, Mon-Thur|11AM-9PM, Fri|11AM-4PM, Sat|Sun Closed"
-94.646259,38.913509,"Shake Shack-Leawood,KS","5200 W 119th St, Leawood,KS 66209, (none listed)|Hours: 11AM-10PM,Sun-Thur|11AM-11PM,Fri & Sat"
-84.3322601,37.9127808,"Shake Shack-Lexington,KY","115 Summit at Fritz Farm [ste 110], Lexington,KY 40515, (859) 721-1295|Hours: 11AM-9PM, Sun-Thur|11AM-10PM, Fri & Sat"
-91.0906717,30.3909383,"Shake Shack-Baton Rouge,LA","6651 Bluebonnet Blvd, Baton Rouge,LA 79836, (225) 338-4666|Hours: 11AM-10PM, Mon-Fri|11AM-4PM, Sat|Sun Closed"
-90.25721,29.98569,"Shake Shack-Kenner,LA","900 Arline Dr [Louis Armstrong Int's Airport], Kenner,LA 70062, (none listed)|Hours: 6AM-9Pm Daily"
-90.15953,30.00388,"Shake Shack-Metairie,LA","3501 Veterans Memorial, Metairie,LA 70002, (504) 380-0279|Hours: 11AM-10PM, Sun-Thur|11AM-11PM, Fri & Sat"
-90.06499,29.951231,"Shake Shack-New Orleans,LA","333 Canal St [space 1.21B], New Orleans,LA 70130, (504) 677-8001|Hours: 11AM-10PM,Sun-Thur|11AM-11PM,Fri & Sat"
-71.0755997,42.3514519,"Shake Shack-Boston,MA","234-236 Newbury St, Boston,MA 02116, (617) 933-5050|Hours:11AM-10PM, 7 days a week"
-71.05863,42.3568,"Shake Shack-Boston,MA","322 Washington St, Boston,MA 02108, (857) 504-8932|11AM-10PM,Sun-Sat"
-71.0445895,42.3512851,"Shake Shack-Boston,MA","77 Seaport Blvd, Boston,MA 02210, (617) 337-4699|Hours:11AM-10PM, 7 days a week"
-71.081617,42.347324,"Shake Shack-Boston,MA","800 Boylston St, Boston,MA 02199, (617) 915-8055|Hours: 11AM-9PM, Mon-Fri|11AM-5PM, Sat|Sun Closed"
-71.213681,42.482456,"Shake Shack-Burlington,MA","75 Middlesex Tpke [Burlington Mall-ste 1550], Burlington,MA 01803, (781) 253-5399|Hours: 11AM-9PM, Sun-Thur|11AM-10PM, Fri & Sat"
-71.120802,42.372191,"Shake Shack-Cambridge,MA","92 Winthrop Street [Harvard Square], Cambridge,MA 02138, (617) 758-8495|Hours:11AM-10PM, 7 days a week"
-71.170713,42.321693,"Shake Shack-Chestnut Hill,MA","49 Boylston Street [THE STREET], Chestnut Hill,MA 02467, (617) 651-3406|Hours:11AM-10PM, 7 days a week"
-71.1768633,42.2312193,"Shake Shack-Dedham,MA","226 Legacy Place, Dedham,MA 02026, (781) 489-7330|Hours: 11AM-10PM, Mon-Sat|11AM-9PM, Sun"
-71.0672431,42.3943085,"Shake Shack-Everett,MA","1 Broadway, Everett,MA 02149, (617) 272-9692|Hours: 11AM-12PM, Mon-Thur|11AM-3AM, Fri|11AM-12AM, Sat|Sun Closed"
-71.0791616,42.394449,"Shake Shack-Somerville,MA","355 Assembly Row, Somerville,MA 02145, (617) 604-3025|Hours: 11AM-10PM, 7 days a week"
-71.1795649,42.364917,"Shake Shack-Watertown,MA","106 Arsenal Yards Blvd, Watertown,MA 02472, (617) 505-4716|Hours: 11AM-10PM,Sun-Sat"
-71.132198,42.504263,"Shake Shack-Woburn,MA","300 Mishawum Rd [unit 700], Woburn,MA 01801, (781) 208-6166|Hours: 11AM-10PM, 7 days a week"
-76.62266,39.27777,"Shake Shack-Baltimore,MD","1101 Russell St, Baltimore,MD 21230, none listed|Hours:Open two hours before game/event until the end of the game/event."
-76.6093216,39.2870369,"Shake Shack-Baltimore,MD","400 E Pratt St [Inner Harbor], Baltimore,MD 21202, (443) 973-3630|Hours: 11AM-10PM, Sun–Thur|11AM-11PM, Fri & Sat"
-76.86137,39.215712,"Shake Shack-Columbia,MD","10300 Little Patuxent Pkwy [ste 3040], Columbia,MD 21044, none listed|Hours: 11AM-10PM, Sun–Thur|11AM-11PM, Fri & Sat"
-77.01466,38.78584,"Shake Shack-National Harbor,MD","101 MGM National Ave, National Harbor,MD 20745, (240) 672-0155|Hours: 10:30AM-11:00PM, Sun-Thur|10:30AM-1:00AM, Fri & Sat"
-77.1584412,39.0404969,"Shake Shack-Potomac,MD","7997 Tuckerman Lane, Potomac,MD 20854, (301) 679-6470|Hours: 11AM-10PM, Sun–Thur|11AM-11PM, Fri & Sat"
-76.601771,39.401562,"Shake Shack-Towson,MD","1 East Joppa Rd [ste 100], Towson,MD 21286, (410) 498-4790|Hours: 11AM-9PM, 7 days a week"
-83.698913,42.257075,"Shake Shack-Ann Arbor,MI","3030 Washtenaw Ave [#107], Ann Arbor,MI 48104, none listed|Hours: 11AM-10PM, 7 days a week"
-83.04539,42.33098,"Shake Shack-Detroit,MI","660 Woodward Ave [Downtown Detroit], Detroit,MI 48226, (313-672-0501|Hours: 11AM-9:30PM, Mon-Thur|11AM-1PM, Fri- Sat"
-83.432265,42.425427,"Shake Shack-Livonia,MI","39300 W 7 Mile Rd, Livonia,MI 48152, (734) 339-2939|Hours: 11AM-10PM, Mon-Fri|11Am-5PM, Sat|Sun Closed"
-83.192652,42.681691,"Shake Shack-Rochester,MI","66 N Adams, Rochester,MI 48309, (248) 873-4547|Hours: 11Am-9PM, Mon-Thur|11Am-10PM, Fri|11AM-6PM, Sat|Sun Closed"
-82.98856,42.62628,"Shake Shack-Sterling Heights,MI","13883 Lakeside Circle, Sterling Heights,MI 48313, (586) 544-4958|Hours: 11AM-10PM, Mon-Fri|11AM-6PM, Sat|Sun Closed"
-83.184123,42.562855,"Shake Shack-Troy,MI","2800 W Big Beaver Rd [ste X337], Troy,MI 48084, (947) 209-4240|Hours: 12PM-6PM, Sun|11AM-9PM, Mon-Sat"
-83.1639907,42.5621327,"Shake Shack-Troy,MI","850 West Big Beaver Rd, Troy,MI 48084, (248) 817-1529|Hours:11AM-10PM, Mon-Sun"
-93.242645,44.8554524,"Shake Shack-Bloomington,MN","332 North Garden [Mall of America], Bloomington,MN 55425, (952) 466-6056|Hours: 11AM-9:30PM, Mon-Sat|11AM-7PM, Sun"
-93.326418,44.883428,"Shake Shack-Edina,MN","6603 France Ave S, Edina,MN 55435, (612) 389-1151|Hours: 11AM-10PM, Mon-Thur|11AM-11PM, Fri & Sat|11AM-9PM, Sun"
-93.437398,45.09372,"Shake Shack-Maple Grove,MN","12351 Elm Creek Blvd N, Maple Grove,MN 55369, (763) 319-8570|11AM-9PM, Mon-Thur|11AM-10PM, Fri|11AM-6PM, Sat|Sun Closed"
-93.1695693,45.0147236,"Shake Shack-Roseville,MN","1630 County Rd B2 W, Roseville,MN 55113, (747) 271-2744|Hours: 11AM-10PM, Mon-Fri|11AM-6PM, Sat|Sun Closed"
-93.211102,44.88348,"Shake Shack-St Paul,MN","4300 Glumack Dr, St Paul,MN 55111, (612) 726-5360|Hours: 6AM-9PM, 7 day a week"
-90.602705,38.667863,"Shake Shack-Chesterfield,MO","17312 Chesterfield Airport Rd, Chesterfield,MO 63005, (314) 347-4751|Hours: 11AM-8PM, Mon-Fri|11AM-4PM, Sat|Sun Closed"
-94.589725,39.042212,"Shake Shack-Kansas City,MO","239 West 47th St, Kansas City,MO 64112, (816) 708-4030|Hours:11AM-10PM, Sun-Sat"
-94.416512,38.928562,"Shake Shack-Lee's Summit,MO","2051 NW Lowenstein Dr, Lee's Summit,MO 64081, (816) 327-5395|Hours: 11AM-9PM, Mon-Fri|11AM-4PM, Sat|Sun Closed"
-90.20268,38.626841,"Shake Shack-St Louis,MO","1401 Clark Ave, St Louis,MO 63103, (314) 622-5400|Hours: none listed"
-90.2619336,38.641399,"Shake Shack-St Louis,MO","60 North Euclid, St Louis,MO 63108, (314) 627-5518|Hours: 11AM-10PM, Sun-Thur|11AM-11PM, Fri & Sat"
-90.353394,38.653947,"Shake Shack-St Louis,MO","8885 Ladue Rd [Ladue Crossing-ste H], Saint Louis,MO 63124, (314) 582-6352|Hours:11AM-10PM, Sun-Sat"
-78.7774333,35.7390317,"Shake Shack-Cary,NC","310 Colonades Way, Cary,NC 27518, (none listed)|Hours: 11AM-9PM, Sun-Thur|11AM-10PM, Fri & Sat"
-80.8492254,35.1722877,"Shake Shack-Charlotte,NC","1605 East Woodlawn Rd, Charlotte,NC 28209, (980) 265-3188|Hours: 11AM-10PM, Sun-Thur|11AM-11PM, Fri & Sat"
-80.861043,35.211083,"Shake Shack-Charlotte,NC","1930 Camden Rd [ste 235], Charlotte,NC 28203, (980) 580-3276|Hours: 11AM-9PM, Sun-Thur| 11AM-10PM Fri & Sat"
-80.942959,35.220619,"Shake Shack-Charlotte,NC","5501 Josh Birmingham Pkwy, Charlotte,NC 28208, (none listed)|Hours: 10AM-10PM, 7 days a week"
-80.806383,35.034124,"Shake Shack-Charlotte,NC","9824 Rea Rd [ste A], Charlotte,NC 28277, (980) 221-1721|Hours: 11AM-10PM, 7 days a week"
-80.882875,35.443119,"Shake Shack-Huntersville,NC","16633 Birkdale Commons Pkwy, Huntersville,NC 28078|Hours: 11AM-9PM, Sun-Thur|11AM-10PM, Fri & Sat"
-74.6138674,40.583881,"Shake Shack-Bridgewater,NJ","610 Commons Way [Ste 4320], Bridgewater,NJ 08807, (732) 347-8820|Hours: 11AM-10PM, Mon-Thur|11AM-11PM, Frid & Sat|11AM-9PM, Sun"
-75.0326528,39.9268224,"Shake Shack-Cherry Hill,NJ","795 Haddonfield Rd, Cherry Hill,NJ 08002, (856) 382-9870|Hours: 11AM-10PM, Sun-Thur|11AM-11PM, Fri & Sat"
-74.055474,40.287443,"Shake Shack-Eatontown,NJ","180 NJ 35 South [space opo5], Eatontown,NJ 07724, (732) 876-3641|Hours: 11AM-10PM, Sun-Thur|11AM-11PM, Fri-Sat"
-74.332464,40.544861,"Shake Shack-Edison,NJ","1521A US Rt One, Edison,NJ 08837, (732) 395-4376|Hours: 11AM-10PM, Mon-Fri|11AM-5PM, Sat|Sun Closed"
-74.030381,40.737785,"Shake Shack-Hoboken,NJ","111 Washington St, Hoboken,NJ 07030, (551) 277-1487|Hours: 11AM -10PM, Sun-Thur|11AM-11PM, Fri & Sat"
-74.6850223,40.2934452,"Shake Shack-Lawrence Township,NJ","3303 Brunswick Pike, Lawrence Township,NJ 08648, (609) 512-5137|Hours: 11AM-10PM, Sun-Thur|11AM-11PM, Fri & Sat"
-74.34052,40.79793,"Shake Shack-Livingston,NJ","280 Eisenhower Pkwy, Livingston,NJ 07039, (973) 629-8329|Hours: 11AM-9PM, Sun|11AM-10PM, Mon-Thur|11AM-11PM, Fri & Sat"
-74.9331096,39.8947443,"Shake Shack-Marlton,NJ","321 Rt 70 West [Marlton Commons], Marlton,NJ 08053, (856) 334-3679|Hours: 11AM-10PM, Mon-Thur|11AM-11PM, Fri-Sat|11AM-9PM, Sun"
-74.0789209,40.9148736,"Shake Shack-Paramus,NJ","1 Garden State Plaza [Level 2] [near Macy’s Court and the Carousel], Paramus,NJ 07652, (201) 576-8096|Hours: 11AM-10PM, Mon-Thur|11AM-11PM, Frid & Sat|11AM-9PM, Sun"
-74.073769,40.953522,"Shake Shack-Paramus,NJ","479 Route 17 South [Between Midland & Ridgewood Aves], Paramus,NJ 07652, (201) 241-2381|Hours: 11AM-10PM, Sun-Thur|11AM-11PM, Fri & Sat"
-74.4281404,40.8754157,"Shake Shack-Parsippany,NJ","70 Waterview Blvd, Parsippany,NJ 07054, (862) 286-2750|Hours: 11AM-10PM, Sun-Thur|11AM-11PM, Fri & Sat"
-74.029719,40.822762,"Shake Shack-Ridgefield,NJ","116E NJ Tpke, Ridgefield,NJ 07657, (none listed)"
-74.099092,40.198232,"Shake Shack-Wall Township,NJ","Garden State Pkwy MM 100 [Monmouth Travel Plaza], Wall Township,NJ 07719, |Hours: Open 24 Hours, Mon-Sun|11AM-12AM, Mon-Wed"
-74.2530832,40.8877323,"Shake Shack-Wayne,NJ","96 Willowbrook Blvd, Wayne,NJ 07470, (862) 684-8660|Hours: 11AM-10PM, Mon-Thur|11AM-11PM, Fri & Sat|11AM-9PM, Sun"
-115.0855548,36.0216594,"Shake Shack-Henderson,NV","2225 Village Walk Dr [ste 191], Henderson,NV 89052, (none listed)|Hours: 11AM-10PM, Sun-Thur|11AM-11PM, Fri & Sat"
-115.2665405,36.1523819,"Shake Shack-Las Vegas,NV","10975 Oval Park Dr [Dining Arroyo], Las Vegas,NV 89135, (702) 964-1025|Hours: 11AM-10PM, Sun-Thur|11AM-11PM, Fri & Sat"
-115.1398296,36.1699412,"Shake Shack-Las Vegas,NV","3780 S Las Vegas Blvd [T-Mobile Arena], Las Vegas,NV, (none listed)|Hours:Check the T-Mobile Arena events calendar."
-115.1750488,36.1021042,"Shake Shack-Las Vegas,NV","3790 S Las Vegas Blvd, Las Vegas,NV 89109, (725) 222-6730|Hours:11AM-2AM, 7 days a week"
-115.1568023,36.1636349,"Shake Shack-Las Vegas,NV","905 South Grand Central Pkwy [ste 1700], Las Vegas,NV 89106, (702) 570-1613|Hours: 11AM-10PM, Mon-Sat|11AM-9PM, Sun"
-115.151737,36.083335,"Shake Shack-Las Vegas,NV","McCarran International Airport [Termina 1/A & B Rotunda], Las Vegas,NV 89119, (702) 261-4324|Hours: 10AM-6PM, 7 days a week"
-73.830652,40.867191,"Shake Shack-Bronx,NY","344 Baychester Ave, Bronx,NY 10475, (929) 392-1029|Hours: 10:30AM-10:30PM, Mon-Fri|10:30AM-6PM, Sat|Sun Closed"
-73.991875,40.701476,"Shake Shack-Brooklyn,NY","1 Old Fulton Street [Corner of Water Street], Brooklyn,NY 11201, (347) 435-2676|Hours:11AM-11PM, 7 days a week"
-73.96064,40.71743,"Shake Shack-Brooklyn,NY","160 Berry St, Brooklyn,NY 11249, (529) 427-0420|Hours:11AM-11PM, Mon-Sun"
-73.976714,40.682747,"Shake Shack-Brooklyn,NY","170 Flatbush Avenue, Brooklyn,NY 11217, (347) 442-7711|Hours: 11AM-11PM, Mon-Fri|11AM-11PM, Sat-Sun"
-73.988485,40.692049,"Shake Shack-Brooklyn,NY","409 Fulton Street [between Willoughby Street and Saratoga Race Course], Brooklyn,NY 11201, (718) 307-7590|Hours: 10:30AM-11PM, Mon- Fri|11AM-11PM, Sat-Sun"
-74.129982,41.3310814,"Shake Shack-Central Valley,NY","199 Niagara, Central Valley,NY 10917, (845) 827-3140|Hours:11AM-9:30PM, 7 days a week"
-73.8716385,40.7341598,"Shake Shack-Elmhurst,NY","90-15 Queens Blvd, Elmhurst,NY 11373, (347) 225-0190|Hours: 11AM-9PM, Sun|11AM-9:30PM, Mon-Thur|11AM-10:30PM, Fri & Sat"
-73.8439786,40.7198507,"Shake Shack-Forest Hills,NY","71-26 Austin St, Forest Hills,NY 11375, (718) 928-3234|Hours:11AM-11PM, Mon-Sun"
-73.644938,40.737659,"Shake Shack-Garden City,NY","860 Old Country Road [The Gallery at Westbury Plaza], Garden City,NY 11530, (516) 620-2880|Hours:11AM-11PM, 7 days a week"
-73.7904329,41.0283753,"Shake Shack-Hartsdale,NY","379 North Central Ave, Hartsdale,NY 10530, (914) 529-8801|Hours: 11AM-10PM, Sun-Thur|11AM-11PM, Fri & Sat"
-73.798363,40.703667,"Shake Shack-Jamaica,NY","160-16 Jamaica Ave, Jamaica,NY 11432, (718) 691-7892|Hours: 11AM-10PM, Mon-Fri|11AM-6PM, Sat|Sun Closed"
-73.1282695,40.870532,"Shake Shack-Lake Grove,NY","2093 Smith Haven Plaza, Lake Grove,NY 11755, (631) 246-1096|Hours: 11AM-10PM, Sun-Thur|11AM-11PM, Fri & Sat"
-73.413727,40.800357,"Shake Shack-Melville,NY","849 Walt Whitman Rd, Melville,NY 11747, (631) 386-8017|Hours: 11AM-10PM, Sun-Thur|11AM-11PM, Fri & Sat"
-74.012088,41.09742,"Shake Shack-Nanuet,NY","4 West Rt 59 [Rockland Plaza], Nanuet,NY 10954, (845) 671-3380|Hours: 11AM-9PM, 7 days a week"
-73.6899678,40.7544205,"Shake Shack-New Hyde Park,NY","1570 Union Turnpike, New Hyde Park,NY 11040, (516) 634-2010|Hours: 11AM-10PM, Sun-Thur|11AM-11PM, Fri & Sat"
-73.935475,40.818313,"Shake Shack-New York,NY","1 West 125th St, New York,NY 10027, (929) 472-7170|Hours: 11AM-10PM, Sun-Thur|11AM-11PM, Fri & Sat"
-73.850981,40.753013,"Shake Shack-New York,NY","12301 Roosevelt Ave [CITI field], New York,NY 11368, (none listed)|Hours:Open two hours before game until the end of the game."
-73.9932872,40.755322,"Shake Shack-New York,NY","1333 Broadway [Herald Square], New York,NY 10018, (646) 230-0696|Hours:10:30AM-11PM, Sun-Wed"
-73.954926,40.779013,"Shake Shack-New York,NY","154 East 86th Street [mid-block between Lexington and 3rd Ave], New York,NY 10028, (646) 237-5035|Hours: 11AM-11PM, Sun-Thur|11AM-Midnight, Fri & Sat"
-73.982175,40.76329,"Shake Shack-New York,NY","1700 Broadway, New York,NY 10019, (912) 942-6038|Hours: 11AM-10PM, 7 days a week"
-73.9810458,40.7045567,"Shake Shack-New York,NY","20 Hudson Yards, New York,NY 10001, (646) 380-4944|Hours: 10:30AM-9PM, Sun|10:30AM-10PM, Mon-Sat"
-73.988905,40.7316017,"Shake Shack-New York,NY","20 Third Ave, New York,NY 10003, (646) 813-2189|Hours: 11AM-11PM,Sun-Thur|11AM-12AM,Fri-Sat"
-74.0021019,40.7071498,"Shake Shack-New York,NY","200 Broadway Level 2 [Fulton Center], New York 10038, (646) 230-0320|Hours: 7AM-11PM, Mon-Fri|11AM-11PM, Sat & Sun"
-74.01477,40.715234,"Shake Shack-New York,NY","215 Murray Street [between West St & North End Ave], New York,NY 10282, (646) 545-4600|Hours:11AM-11PM, 7 days a week"
-74.00545,40.72899,"Shake Shack-New York,NY","225 Varick St, New York,NY 10014, (646) 517-1541|Hours:11AM-11PM, Sun-Sat"
-73.9641322,40.8079565,"Shake Shack-New York,NY","2957 Broadway, New York,NY 10025, (646) 383-5506|Hours:7AM-11PM, 7 days a week"
-73.976507,40.780859,"Shake Shack-New York,NY","366 Columbus Avenue [at West 77th St], New York,NY 10024, (646) 747-8770|Hours:10:30AM-11PM, 7 days a week"
-73.9775864,40.7521313,"Shake Shack-New York,NY","49 Grand Central Terminal [Lower Level Dining Concourse], New York,NY 10017, (646) 517-5804|Hours: 7AM-10:30PM, Sun-Tue|7AM-11PM, Wed-Thur|7AM-11:30PM, Fri|7AM-11PM, Sat"
-73.990579,40.729795,"Shake Shack-New York,NY","51 Astor Place, New York,NY 10003, (646) 813-2189|Hours: 11AM-11PM, Sun-Thur|11AM-12AM, Fri-Sat"
-73.97585,40.749379,"Shake Shack-New York,NY","600 Third Avenue, New York,NY 10016, (646) 668-4880|Hours:10:30AM-11PM, 7 days a week"
-73.989147,40.758283,"Shake Shack-New York,NY","691 8th Avenue [8th Ave & 44th St], New York,NY 10036, (646) 435-0135|Hours:10:30AM-12AM, 7 days a week"
-73.7900085,40.6437111,"Shake Shack-New York,NY","John F. Kennedy International Airport [Delta Terminal 4 / Gate B23 & B37], New York,NY 11430, (718) 751-4760|Hours:6AM-10PM, 7 days a week"
-73.9920578,40.7515373,"Shake Shack-New York,NY","Penn Station Lower Concourse, New York,NY 10119, (646) 202-9715|Hours:7AM-11PM, 7 days a week"
-73.9878616,40.7421646,"Shake Shack-New York,NY","SE Corner of Madison Square Park [near Madison Ave and E 23rd St], New York,NY, (646) 747-2606|Hours: 7:30AM-11PM, Mon-Fri|8:30AM-11PM, Sat & Sun"
-73.88675,40.76952,"Shake Shack-Queens,NY","Laguardia Airport [Terminal B near Gate 42], Queens,NY 11371, none listed|Hours: 6AM-10PM, 7 days a week"
-73.748059,43.0705,"Shake Shack-Saratoga Springs,NY","267 Union Avenue, Saratoga Springs,NY 12866, (none listed)|Hours:Open on race days, from 11 AM until 30 minutes after the final race of the day"
-74.16608,40.58125,"Shake Shack-Staten Island,NY","2655 Richmond Ave, Staten Island,NY 10314, (929) 529-0513|Hours: 11AM-10PM, Sun-Thur|11AM-11PM, Fri & Sat|11AM-9PM, Sun"
-74.076516,40.643368,"Shake Shack-Staten Island,NY","35 Richmond Terrace [ste 323], Staten Island,NY 10301, (929) 473-9131|Hours: 11AM-10PM,Sun-Sat"
-73.759761,41.031445,"Shake Shack-White Plains,NY","125 Westchester Ave, White Plains,NY 10601, (914) 387-0012|Hours: 12PM-6PM, Sun|11AM-7PM, Mon-Sat"
-73.8550939,40.9285656,"Shake Shack-Yonkers,NY","2090 Mall Walk, Yonkers,NY 10704, (914) 289-1301|Hours: 11AM-10PM, Sun-Thur|11AM-11PM, Fri & Sat"
-81.83314,41.41054,"Shake Shack-Cleveland,OH","5300 Riverside Dr [Cleveland Hopkins Inter Main Concourse B & C gates], Cleveland,OH 44135, none listed|Hours: 4AM-8:30PM, 7 days a week"
-81.68916,41.5001,"Shake Shack-Cleveland,OH","601 Euclid Ave, Cleveland,OH 44114, (216) 243-5023|Hours: 11AM-10PM, Sun-Thur|11AM-11PM, Fri & Sat"
-82.91566,40.05197,"Shake Shack-Columbus,OH","4005 The Strand West [Easton TC space 430], Columbus,OH 43229, (614) 407-7728|Hours: 11AM-10PM, Sun-Thur|11AM-11PM, Fri & Sat"
-83.0039581,39.9788538,"Shake Shack-Columbus,OH","740 N High St, Columbus,OH 43215, (614) 697-2029|Hours: 11AM-10PM, Sun-Thur|11AM-11PM, Fri & Sat"
-82.5040351,40.7585961,"Shake Shack-Orange Village,OH","311 Park Ave [ste 121a], Orange Village,OH 44122, (441) 600-8689|Hours: 11AM-10PM, Sun-Thur|11AM-11PM, Fri & Sat"
-122.807275,45.501213,"Shake Shack-Beaverton,OR","2597 SW Cedar Hills Blvd [ste 100], Beaverton,OR 97005, (971) 204-8477|Hours: 11AM-10PM, Sun-Thur|11AM-11PM, Fri & Sat"
-75.28952,40.008494,"Shake Shack-Ardmore,PA","40 Coulter Ave [ste 130], Ardmore,PA 19003, (610) 215-9829|Hours: 11AM-9PM, 7 days a week"
-75.3932463,40.0854461,"Shake Shack-King of Prussia,PA","160 North Gulph Road [Ste 233] [The Plaza at King of Prussia], King of Prussia,PA 19406, (267) 428-7560|Hours: 11AM-10PM, Mon-Thur|11AM-11PM, Fri & Sat|11AM-9PM, Sun"
-75.3878215,40.0876763,"Shake Shack-King of Prussia,PA","350 Mall Blvd [King of Prussia ste 3031], King of Prussia,PA 19406, (484) 679-8335|Hours: 10:30AM-9PM, Mon-Sat|11AM-6PM, Sun"
-75.1665,39.906059,"Shake Shack-Philadelphia,PA","1 Citizens Bank Way [Citizens Bank Park], Philadelphia,PA 19148, none listed|Opens 1  hour and a half before the game"
-75.16006,39.95022,"Shake Shack-Philadelphia,PA","105 South 12th St [unit 1-01], Philadelphia,PA 19107, (215) 709-2702|Hours:11AM-11PM, Sun-Sat"
-75.173786,39.951257,"Shake Shack-Philadelphia,PA","2000 Sansom Street [at 20th Street], Philadelphia,PA 19103, (215) 809-1742|Hours:7AM-11PM, 7 days a week"
-75.187679,39.953739,"Shake Shack-Philadelphia,PA","3200 Chestnut Street, Philadelphia,PA 19104, (267) 338-3464|Hours:10:30AM-10PM, Sun-Wed|10:30AM-11PM, Thur-Sat"
-75.171874,39.901096,"Shake Shack-Philadelphia,PA","3601 S Broad St, Philadelphia,PA 19148, none listed|Hours:Check the Wells Fargo Center events calendar!"
-75.281993,40.115944,"Shake Shack-Plymouth Meeting,PA","500 West Germantown Pike [ste 730], Plymouth Meeting,PA 19462, (610) 215-9809|Hours: 11AM-5PM, Mon-Sat, 11AM-8PM, Sun"
-75.483485,40.628397,"Shake Shack-Whitehall,PA","1457 MacArthur Rd, Whitehall,PA 18052, (570) 300-8694|Hours: 11AM-9PM, Mon-Thur|11AM-10PM, Fri|11AM-5PM, Sat|Sun Closed"
-71.40053,41.82848,"Shake Shack-Providence,RI","249 Thayer St [1st Floor], Providence,RI 02906, (401) 214-1823|Hours: 11AM-10PM, Sun-Thru|11AM-11PM, Fri & Sat"
-86.830403,35.9459229,"Shake Shack-Franklin,TN","5027 Aspen Grove Dr, Franklin,TX 37067, (none listed)|Hours: 11AM-9PM, Sun-Thur|11Am-10PM, Fri & Sat"
-86.8163247,36.1032997,"Shake Shack-Nashville,TN","4031 Hillsboro Pike [ste 904], Nashville,TN 37215, (615) 610-6326|Hours: 11AM-10PM, Sun-Thur|11AM-11PM, Fri & Sat"
-86.779136,36.161162,"Shake Shack-Nashville,TN","5002 Broadway Place, Nashville,TN 37203, (615) 619-5331|Hours: 11AM-11PM, 7 days a week"
-86.669203,36.131374,"Shake Shack-Nashville,TN","BNA Airport 1 Terminal Dr [C/D Terminal Food Court], Nashville,TN 37214, (none listed)"
-97.761879,30.2555068,"Shake Shack-Austin,TX","1100 South Lamar Blvd [corner of South Lamar & Treadwell], Austin,TX 78704, (512) 717-0430|Hours: 11AM-10PM, Sun-Thur|11AM-11PM, Fri & Sat"
-97.7259341,30.3982995,"Shake Shack-Austin,TX","11228 Domain Dr [The Dormain], Austin,TX 78759, (512) 717-0422|Hours: 11AM-10PM, Sun-Thur|11AM-11PM, Fri & Sat"
-96.8038825,32.7932212,"Shake Shack-Dallas,TX","2500 N Pearl St [The Crescent], Dallas,TX 75201, (214) 983-1023|Hours: 11AM-10PM, Sun-Thur|11AM-11PM, Fri & Sat"
-96.816588,32.952789,"Shake Shack-Dallas,TX","5290 Belt Line Rd [ste 112A], Dallas,TX 75254, (469) 501-5430|Hours: 11AM-10PM, Sun-Thur|11AM-11PM,Fri & Sat"
-96.76856,32.853458,"Shake Shack-Dallas,TX","5500 Greenville Ave [unit 505], Dallas,TX 75206, (469) 501-5031|Hours: 11AM-10PM, Sun-Thur|11AM-11PM, Fri & Sat"
-96.80279,32.89577,"Shake Shack-Dallas,TX","6025 Royal Lane [ste 305], Dallas,TX 75230, (469) 445-2240|Hours: 11AM-10PM, Sun-Thur|11AM-11PM, Fri & Sat"
-96.773484,32.868349,"Shake Shack-Dallas,TX","8687 N Central Expwy, Dallas,TX 75225, (none listed)|Hours: 10AM-9PM, Mon-Fri|10:30AM-6PM, Sat|Sun Closed"
-97.037679,32.855702,"Shake Shack-DFW Airport,TX","2400 Aviation Dr [DFW Airport Terminal C near Gate C7], DFW Airport,TX 75261, none listed|Hours: 5AM-10PM, 7 days a week"
-97.34795,32.788,"Shake Shack-Fort Worth,TX","122 E Exchange Ave [ste 160], Fort Worth,TX 76164, (817) 885-5420|Hours: 11AM-10PM, Sun-Thur|11AM-11PM, Fri & Sat"
-97.360808,32.72795,"Shake Shack-Fort Worth,TX","1601 S University Dr, Fort Worth,TX 76107, (none listed)|Hours: 11AM-10PM, Mon-Thur|11AM-11PM, Fri|11AM-5PM, Sat|Sun Closed"
-95.39209,29.74496,"Shake Shack-Houston,TX","1002 Westheimer Rd, Houston,TX 77006, (346) 299-6603|Hours: 11AM-11PM, Mon-Sat|11aAM-10PM, Sun"
-95.35662,29.75703,"Shake Shack-Houston,TX","501 Crawford Miad Park, Houston,TX 77002, (none listed)|Hours:Open two hours before game until the end of the game"
-95.461341,29.740623,"Shake Shack-Houston,TX","5015 Westheimer Rd [Houston Galleria ste A2411], Houston,TX 77056, (281) 213-0445|Hours: 11AM-10PM, Sun-Thur|11AM-11PM, Fri & Sat"
-95.4183642,29.7156728,"Shake Shack-Houston,TX","6205 Kirby Dr, Houston,TX 77005, (346) 998-2820|Hours: 11AM-10PM, Sun-Thur|11AM-11PM, Fri-Sat"
-95.363379,29.759187,"Shake Shack-Houston,TX","702 Main St, Houston,TX 77002, (281) 800-1450|Hours: 11AM-9PM, Sun-Thur|111AM-10PM, Sat & Sun"
-96.959893,32.902416,"Shake Shack-Irving,TX","6781 N MacArthur Blve, Irving,TX 75039, (469) 351-1002|Hours: 11AM-10PM, Sun-Thur|11AM-11PM, Fri & Sat"
-96.7963299,33.027636,"Shake Shack-Plano,TX","5009 W Park Blvd, Plano,TX 75093, (469) 485-5784|Hours: 11AM-10PM, Mon-Thur|11AM-11PM, Fri|11AM-6PM, Sat|Sun Closed"
-96.8263688,33.0793376,"Shake Shack-Plano,TX","7401 Windrose Ave [ste 150], Plano,TX 75024, (972) 665-7175|Hours: 11AM-10PM, Sun-Thur|11AM-11PM, Fri & Sat"
-98.47187,29.4548,"Shake Shack-San Antonio,TX","3003 Broadway St, San Antonio,TX 78209, (210) 469-3732|Hours: 11AM-10PM, Sun-Thur|11AM-11PM, Fri & Sat"
-98.50089,29.51807,"Shake Shack-San Antonio,TX","7427 San Pedro Ave [ste 107], San Antonio,TX 78216, (210) 277-4770|Hours: 11AM-10PM, Sun-Thur|11AM-11PM, Fri & Sat"
-97.12869,32.94183,"Shake Shack-Southlake,TX","125 Central Ave, Southlake,TX 76092, (817) 809-8545|Hours: 11AM-10PM, Sun-Thur|11AM-11PM, Fri & Sat"
-95.456957,30.164871,"Shake Shack-The Woodlands,TX","1201 Lake Woodlands Dr [ste 3034], The Woodlands,TX 77382|Hours: 11AM-9PM, Mon-Thur, 11AM-10PM, Fri-Sat, 11AM-8PM, Sun"
-111.88845,40.637505,"Shake Shack-Murray,UT","6123 South State St [Fashion Place], Murray,UT 84107, (801) 474-7930|Hours: 12PM-7PM, Sun-Fri|12PM -9PM, Sat"
-111.982034,40.786898,"Shake Shack-Salt Lake City,UT","776 N Terminal Dr [Airport], Salt Lake City,UT 84122, none listed|Hours: 6AM-8PM, daily"
-111.89129,40.55123,"Shake Shack-Sandy,UT","11020 S State St [ste B], Sandy,UT 84070, (385) 276-3190|Hours: 11AM-10PM, Sun-Thur|11AM-11PM,Fri & Sat"
-77.0606308,38.8633499,"Shake Shack-Arlington,VA","1100 South Hayes St [space H25], Arlington,VA 22202, (703) 454-0552|Hours: 11AM-10PM, Sun-Thur|11AM-11PM, Fri- Sat"
-77.11097,38.88051,"Shake Shack-Arlington,VA","4201 Wilson Blvd [ste 0180], Arlington,VA 22203, (571) 620-1323|Hours: 11AM-10 PM, 7 days a week"
-77.229344,38.871752,"Shake Shack-Fairfax,VA","2911 District Ave, Fairfax,VA 22031, (571) 307-6701|Hours: 11AM-9PM, Mon-Thur|11AM-10PM, Fri|11AM-6PM, Sat|Sun Closed"
-77.2208203,38.9192632,"Shake Shack-McLean,VA","7924U Tysons Corner Center [The Plaza at Tysons Corner Center], McLean,VA 22102, (571) 620-0383|Hours:11AM-10PM, 7 days a week"
-76.13188,36.847375,"Shake Shack-Virginia Beach,VA","296 Constitution Dr, Virginai Beach,VA 23462, (757) 427-4480|Hours: 11AM-10PM, 7 days a week"
-122.2006149,47.6739159,"Shake Shack-Kirkland,WA","300 Peter Kirk Lane, Kirkland,WA 98033, (414) 509-1080|Hours: 11AM-10PM, Sun-Thur|11AM-11PM, Fri & Sat"
-122.33845,47.61706,"Shake Shack-Seattle,WA","2115 Westlake Ave, Seattle,WA 98121, (206) 279-2313|Hours: 11AM-10PM, Sun-Thur|11AM-11PM, Fri- Sat"
-122.2992555,47.6635113,"Shake Shack-Seattle,WA","2580 NE University Village St, Seattle,WA 98105, (206) 487-1283|Hours: 11AM-10PM, 7 days a week"
-88.167299,43.036917,"Shake Shack-Brookfield,WI","585 N Barker Rd, Brookfield,WI 53005, (262) 648-3675|Hours: 11AM-9PM, Mon-Fri|Sat 11AM-6PM|Sun Closed"
-89.4524733,43.0718917,"Shake Shack-Madison,WI","558 N Midvale Blvd, Madison,WI 53705, (608) 867-2103|Hours: 11AM-8PM, Sun-Thur|11AM-9PM, Fri & Sat"
-87.9085632,43.0337898,"Shake Shack-Milwaukee,WI","220 East Buffalo St [ste 110], Milwaukee,WI 53202, (414) 509-1080|Hours: 11AM-10PM, Sun-hur|11AM-11PM, Fri & Sat"
